{
  "resources": [
    "..\\..\\dist\\assets\\sounds\\sfx.ogg",
    "..\\..\\dist\\assets\\sounds\\sfx.mp3"
  ],
  "spritemap": {
    "BigImpact": {
      "start": 0,
      "end": 1.7404081632653061,
      "loop": false
    },
    "bounce1": {
      "start": 3,
      "end": 5.975056689342404,
      "loop": false
    },
    "bounce2": {
      "start": 7,
      "end": 10.388299319727892,
      "loop": false
    },
    "game_over_music1": {
      "start": 12,
      "end": 36.28081632653061,
      "loop": true
    },
    "glass_break1": {
      "start": 38,
      "end": 39.28072562358277,
      "loop": false
    },
    "glass_break2": {
      "start": 41,
      "end": 42.28072562358277,
      "loop": false
    },
    "hit_bubble_many_meterfull1": {
      "start": 44,
      "end": 45.237369614512474,
      "loop": false
    },
    "hit_bubble_many1": {
      "start": 47,
      "end": 48.37342403628118,
      "loop": false
    },
    "hit_bubble_meterfull1": {
      "start": 50,
      "end": 51.36616780045352,
      "loop": false
    },
    "hit_bubble1": {
      "start": 53,
      "end": 54.61741496598639,
      "loop": false
    },
    "hit_nobubble1": {
      "start": 56,
      "end": 57.8162358276644,
      "loop": false
    },
    "Impact": {
      "start": 59,
      "end": 60.84417233560091,
      "loop": false
    },
    "level_clear_effect2": {
      "start": 62,
      "end": 65.69632653061224,
      "loop": false
    },
    "level_clear_stab1": {
      "start": 67,
      "end": 72.14702947845805,
      "loop": false
    },
    "loop_effect1": {
      "start": 74,
      "end": 79.79482993197279,
      "loop": false
    },
    "loop_effect3": {
      "start": 81,
      "end": 87.39183673469388,
      "loop": false
    },
    "loop_effect4": {
      "start": 89,
      "end": 97.57777777777778,
      "loop": false
    },
    "loop_effect5": {
      "start": 99,
      "end": 104.13469387755102,
      "loop": false
    },
    "loop_effect6": {
      "start": 106,
      "end": 110.5231746031746,
      "loop": false
    },
    "love_me_intro1": {
      "start": 112,
      "end": 141.64716553287982,
      "loop": false
    },
    "love_me_intro3": {
      "start": 143,
      "end": 168.09224489795918,
      "loop": true
    },
    "love_me_loop3": {
      "start": 170,
      "end": 190.5768707482993,
      "loop": true
    },
    "meter_full1": {
      "start": 192,
      "end": 194.14312925170069,
      "loop": false
    },
    "meter_off1": {
      "start": 196,
      "end": 198.13006802721088,
      "loop": false
    },
    "multicolour_block2": {
      "start": 200,
      "end": 204.33360544217686,
      "loop": false
    },
    "negative_click_sound3": {
      "start": 206,
      "end": 207.71591836734694,
      "loop": false
    },
    "shoot1": {
      "start": 209,
      "end": 213.42122448979592,
      "loop": false
    },
    "shoot2": {
      "start": 215,
      "end": 219.48326530612246,
      "loop": false
    },
    "time_warningFinish2": {
      "start": 221,
      "end": 223.05968253968254,
      "loop": false
    },
    "time_warningLoop": {
      "start": 225,
      "end": 226.30702947845805,
      "loop": false
    }
  }
}